City_ID,City,Country,Lat,Lng,Max Temp,Humidity,Cloudiness,Wind Speed,Current Description
0,Komagane,JP,35.7296,137.9396,68.34,57,36,6.42,scattered clouds
1,Severo-Kurilsk,RU,50.6789,156.125,36.36,66,97,23.71,overcast clouds
2,Ushuaia,AR,-54.8,-68.3,40.66,81,40,9.22,scattered clouds
3,Pathein,MM,16.7833,94.7333,87.12,65,6,11.05,clear sky
4,East London,ZA,-33.0153,27.9116,64.92,95,100,9.06,moderate rain
5,Punta Arenas,CL,-53.15,-70.9167,41.11,81,20,9.22,few clouds
6,Hermanus,ZA,-34.4187,19.2345,64.9,70,36,4.29,light rain
7,Yellowknife,CA,62.456,-114.3525,24.42,100,90,6.91,light snow
8,Talcahuano,CL,-36.7167,-73.1167,53.28,87,0,8.05,clear sky
9,Mataura,NZ,-46.1927,168.8643,63.37,64,100,3.06,overcast clouds
10,Tuatapere,NZ,-46.1333,167.6833,62.1,66,100,3.71,overcast clouds
11,Barrow,US,71.2906,-156.7887,24.82,63,90,17.27,overcast clouds
12,Itarema,BR,-2.9248,-39.9167,77.54,86,89,6.91,overcast clouds
13,Half Moon Bay,US,37.4636,-122.4286,54.0,80,1,4.61,clear sky
14,Zhigansk,RU,66.7697,123.3711,7.38,94,100,26.17,light snow
15,Zapolyarnyy,RU,69.4154,30.8136,22.28,96,96,3.71,overcast clouds
16,Lorengau,PG,-2.0226,147.2712,84.61,68,28,11.52,scattered clouds
17,Bredasdorp,ZA,-34.5322,20.0403,60.28,72,73,3.44,broken clouds
18,Santa Rosa,PH,14.3122,121.1114,89.58,69,73,12.8,broken clouds
19,Bambous Virieux,MU,-20.3428,57.7575,82.22,73,75,12.66,broken clouds
20,San Patricio,US,28.017,-97.5169,70.83,75,1,5.97,clear sky
21,Vostok,RU,46.4856,135.8833,39.81,52,99,4.0,light rain
22,Korla,CN,41.7597,86.1469,34.72,20,0,6.35,clear sky
23,Arauca,CO,7.0847,-70.7591,73.18,88,96,4.43,overcast clouds
24,Colares,PT,38.7992,-9.4469,54.59,60,57,5.01,broken clouds
25,Cape Coral,US,26.5629,-81.9495,63.99,87,1,3.0,clear sky
26,Komsomolskiy,UZ,40.4272,71.7189,43.52,56,75,4.61,haze
27,Tasiilaq,GL,65.6145,-37.6368,17.33,72,100,3.96,overcast clouds
28,Upernavik,GL,72.7868,-56.1549,9.18,72,3,5.59,clear sky
29,Rikitea,PF,-23.1203,-134.9692,74.93,79,100,8.93,light rain
30,Makinsk,KZ,52.6292,70.4169,27.39,47,90,16.58,overcast clouds
31,Cape Town,ZA,-33.9258,18.4232,65.12,64,20,1.99,few clouds
32,Kaeo,NZ,-35.1,173.7833,68.32,76,43,3.02,scattered clouds
33,Kaitangata,NZ,-46.2817,169.8464,62.92,78,95,5.48,light rain
34,Altay,CN,47.8667,88.1167,27.93,51,0,1.05,clear sky
35,Gari,RU,59.4307,62.3497,34.05,79,56,11.54,broken clouds
36,Jieshi,CN,22.8134,115.8257,68.95,52,17,17.4,few clouds
37,Avarua,CK,-21.2078,-159.775,73.45,73,40,9.22,scattered clouds
38,Kodiak,US,57.79,-152.4072,31.96,86,98,12.01,overcast clouds
39,Hithadhoo,MV,-0.6,73.0833,82.96,67,95,15.01,overcast clouds
40,Jamestown,US,42.097,-79.2353,47.71,86,1,0.0,clear sky
41,Hilo,US,19.7297,-155.09,74.93,89,90,3.44,overcast clouds
42,Geraldton,AU,-28.7667,114.6,72.01,53,75,19.57,broken clouds
43,Neryungri,RU,56.6709,124.6491,15.69,75,35,7.4,scattered clouds
44,Abha,SA,18.2164,42.5053,61.05,36,0,0.0,clear sky
45,Bluff,NZ,-46.6,168.3333,57.56,80,94,11.59,overcast clouds
46,Qaanaaq,GL,77.484,-69.3632,1.81,69,58,7.45,broken clouds
47,Port Blair,IN,11.6667,92.75,83.75,76,100,11.45,overcast clouds
48,Vestmannaeyjar,IS,63.4427,-20.2734,44.98,83,92,28.95,overcast clouds
49,Port Alfred,ZA,-33.5906,26.891,63.28,91,100,7.65,moderate rain
50,Busselton,AU,-33.65,115.3333,71.1,52,27,12.55,scattered clouds
51,Arzgir,RU,45.3728,44.2206,52.11,75,65,8.39,broken clouds
52,Avera,US,33.194,-82.5271,51.67,55,0,6.53,clear sky
53,Georgetown,MY,5.4112,100.3354,87.75,70,20,3.0,few clouds
54,Saskylakh,RU,71.9167,114.0833,15.93,92,100,9.95,overcast clouds
55,Kapaa,US,22.0752,-159.319,75.52,74,20,16.11,few clouds
56,Norman Wells,CA,65.282,-126.8329,12.24,85,90,8.05,light snow
57,Kerman,IR,30.2832,57.0788,46.26,87,75,6.91,mist
58,Vila Velha,BR,-20.3297,-40.2925,70.95,87,90,2.3,overcast clouds
59,Coahuayana,MX,18.7333,-103.6833,75.09,90,100,3.94,overcast clouds
60,Port Macquarie,AU,-31.4333,152.9167,75.16,73,57,10.07,broken clouds
61,Laranjeiras Do Sul,BR,-25.4078,-52.4161,60.24,98,5,2.82,light rain
62,Dikson,RU,73.5069,80.5464,3.06,98,93,4.99,overcast clouds
63,Yagodnoye,RU,62.55,149.6667,1.47,98,100,3.11,overcast clouds
64,Tuktoyaktuk,CA,69.4541,-133.0374,21.2,79,90,8.05,overcast clouds
65,Videbaek,DK,56.0876,8.6285,44.51,88,100,5.3,overcast clouds
66,Castro,BR,-24.7911,-50.0119,58.59,98,94,5.82,overcast clouds
67,Tomball,US,30.0972,-95.6161,57.07,90,1,0.0,clear sky
68,Ribeira Grande,PT,38.5167,-28.7,69.12,85,66,21.45,broken clouds
69,Fortuna,US,40.5982,-124.1573,44.94,68,1,3.44,clear sky
70,Mokhsogollokh,RU,61.4681,128.9203,19.44,85,99,5.64,overcast clouds
71,Chokurdakh,RU,70.6333,147.9167,-16.89,95,81,6.06,broken clouds
72,Carnarvon,AU,-24.8667,113.6333,75.27,46,40,19.57,scattered clouds
73,Summerville,US,33.0185,-80.1757,51.82,93,1,0.0,clear sky
74,Butaritari,KI,3.0707,172.7902,81.77,72,34,9.86,scattered clouds
75,Hobart,AU,-42.8794,147.3294,68.02,45,75,1.01,broken clouds
76,Palmer,US,42.1584,-72.3287,45.86,86,1,0.0,clear sky
77,Torbay,CA,47.6666,-52.7314,47.26,87,90,13.8,overcast clouds
78,Bocas Del Toro,PA,9.3333,-82.25,77.94,81,99,6.33,overcast clouds
79,Yar-Sale,RU,66.8333,70.8333,16.0,91,94,6.73,overcast clouds
80,Port-Gentil,GA,-0.7193,8.7815,76.96,94,75,8.05,light rain
81,Saint-Augustin,CA,51.226,-58.6502,36.7,97,100,7.76,overcast clouds
82,Ken Caryl,US,39.5773,-105.1169,57.16,19,0,1.01,clear sky
83,Cherskiy,RU,68.75,161.3,-3.06,100,89,5.75,overcast clouds
84,Sobolevo,RU,54.4299,31.8996,42.69,83,100,15.32,overcast clouds
85,Kavieng,PG,-2.5744,150.7967,85.64,68,12,15.86,few clouds
86,Krugersdorp,ZA,-26.0858,27.7752,63.73,86,100,15.68,overcast clouds
87,Ilulissat,GL,69.2167,-51.1,-3.77,73,3,7.0,clear sky
88,Bathsheba,BB,13.2167,-59.5167,81.21,74,40,13.8,scattered clouds
89,Ponta Do Sol,PT,32.6667,-17.1,66.83,63,13,5.77,few clouds
90,Pangai,TO,-19.8,-174.35,77.11,88,90,0.0,moderate rain
91,Chernyshevskiy,RU,63.0128,112.4714,24.91,92,100,10.56,light snow
92,Esperance,AU,-33.8667,121.9,67.84,60,100,17.36,overcast clouds
93,Hofn,IS,64.2539,-15.2082,39.02,98,100,17.18,heavy intensity rain
94,Vaini,TO,-21.2,-175.2,77.16,100,90,2.3,moderate rain
95,Pontes E Lacerda,BR,-15.2261,-59.3353,65.88,97,86,0.89,overcast clouds
96,Bethel,US,41.3712,-73.414,49.01,74,1,0.0,clear sky
97,Yulara,AU,-25.2406,130.9889,75.04,64,90,10.36,overcast clouds
98,Kruisfontein,ZA,-34.0033,24.7314,57.88,88,100,6.46,light rain
99,Monkey Hill,KN,17.3167,-62.7167,78.69,88,56,14.7,broken clouds
100,Los Llanos De Aridane,ES,28.6585,-17.9182,62.35,65,20,8.01,few clouds
101,Bukachacha,RU,52.9833,116.9167,23.38,48,25,4.09,scattered clouds
102,Fergus Falls,US,46.283,-96.0776,46.17,76,1,10.36,clear sky
103,Cidreira,BR,-30.1811,-50.2056,61.0,75,6,2.39,clear sky
104,Mount Gambier,AU,-37.8333,140.7667,62.51,51,90,9.22,overcast clouds
105,Nyurba,RU,63.2842,118.3319,27.0,89,100,8.9,overcast clouds
106,Puerto Ayora,EC,-0.7393,-90.3518,68.85,83,30,8.19,scattered clouds
107,Mahebourg,MU,-20.4081,57.7,82.26,73,75,12.66,broken clouds
108,Praia Da Vitoria,PT,38.7333,-27.0667,69.76,83,40,17.78,scattered clouds
109,Atuona,PF,-9.8,-139.0333,78.15,77,8,17.38,clear sky
110,Nikolskoye,RU,59.7035,30.7861,37.87,97,100,13.49,moderate rain
111,Chuy,UY,-33.6971,-53.4616,51.84,87,11,1.25,few clouds
112,Albany,US,42.6001,-73.9662,42.53,77,10,3.69,clear sky
113,Saint-Philippe,RE,-21.3585,55.7679,81.95,74,39,11.39,scattered clouds
114,Tiksi,RU,71.6872,128.8694,14.41,78,100,25.01,overcast clouds
115,Vila Franca Do Campo,PT,37.7167,-25.4333,69.19,81,28,8.79,scattered clouds
116,Luderitz,NA,-26.6481,15.1594,60.93,67,0,14.16,clear sky
117,Wenling,CN,28.3669,121.36,55.29,53,40,16.98,scattered clouds
118,Prieska,ZA,-29.6641,22.7474,63.99,50,100,12.91,overcast clouds
119,Erzin,TR,36.9559,36.2,54.12,27,25,2.64,scattered clouds
120,Mirabad,AF,30.4362,61.8383,61.66,30,42,8.48,scattered clouds
121,Souillac,MU,-20.5167,57.5167,82.36,73,75,12.66,broken clouds
122,Baykit,RU,61.67,96.37,31.59,90,100,10.49,overcast clouds
123,Udachnyy,RU,66.4167,112.4,20.73,88,85,10.49,overcast clouds
124,Cabo San Lucas,MX,22.8909,-109.9124,80.51,46,37,3.0,scattered clouds
125,Harper,LR,4.375,-7.7169,77.79,87,86,3.67,light rain
126,Hamilton,US,39.1834,-84.5333,47.77,79,1,0.0,clear sky
127,Grindavik,IS,63.8424,-22.4338,41.47,100,90,32.21,overcast clouds
128,Bluefields,NI,12.0137,-83.7635,73.67,96,96,7.02,overcast clouds
129,Laguna,US,38.421,-121.4238,52.3,78,1,0.0,clear sky
130,San Quintin,MX,30.4833,-115.95,60.31,88,12,2.55,few clouds
131,Paamiut,GL,61.994,-49.6678,20.71,68,17,9.53,few clouds
132,Adrar,MR,20.5022,-10.0711,67.12,26,91,8.57,overcast clouds
133,Maragogi,BR,-9.0122,-35.2225,76.48,87,15,7.49,few clouds
134,Sosnovo-Ozerskoye,RU,52.5249,111.5418,24.1,73,93,13.04,overcast clouds
135,Troitskoye,RU,52.9821,84.6757,33.71,53,91,11.59,overcast clouds
136,Taree,AU,-31.9,152.4667,79.07,64,76,17.27,broken clouds
137,Zhuhai,CN,22.2769,113.5678,75.97,68,20,24.16,few clouds
138,Vila,PT,42.0304,-8.1588,42.33,91,93,4.81,overcast clouds
139,Shubarkuduk,KZ,49.1447,56.4872,39.63,30,100,7.74,overcast clouds
140,Broken Hill,AU,-31.95,141.4333,71.31,35,100,6.91,overcast clouds
141,Lompoc,US,34.6391,-120.4579,59.31,66,1,6.91,clear sky
142,Gabu,GW,12.2833,-14.2167,72.84,92,48,3.83,scattered clouds
143,Aosta,IT,45.7667,7.4167,35.35,41,32,5.7,scattered clouds
144,Sarahan,IN,31.5167,77.8,60.53,19,0,2.17,clear sky
145,Santiago Del Estero,AR,-27.7951,-64.2615,66.81,69,40,3.2,scattered clouds
146,Redmond,US,47.674,-122.1215,45.59,88,100,4.0,overcast clouds
147,Airai,TL,-8.9266,125.4092,69.93,80,94,0.96,overcast clouds
148,Jiayuguan,CN,39.8167,98.3,32.76,20,5,2.68,clear sky
149,Cap-Aux-Meules,CA,47.3821,-61.8597,46.42,87,2,9.22,clear sky
150,Samarai,PG,-10.6167,150.6667,85.35,73,5,14.27,clear sky
151,Shuangyang,CN,43.5242,125.6736,35.56,96,100,17.87,light rain
152,Bandarbeyla,SO,9.4942,50.8122,81.09,58,71,12.46,broken clouds
153,Lavrentiya,RU,65.5833,-171.0,10.62,91,8,7.45,clear sky
154,Abinsk,RU,44.8726,38.1611,55.56,86,100,5.17,overcast clouds
155,Nokaneng,BW,-19.6667,22.2667,82.9,37,95,8.5,overcast clouds
156,Muisne,EC,0.6,-80.0333,74.21,85,100,9.42,overcast clouds
157,Portland,US,45.5234,-122.6762,47.75,91,90,1.01,overcast clouds
158,Wahpeton,US,46.2652,-96.6059,46.92,87,40,9.22,scattered clouds
159,Provideniya,RU,64.3833,-173.3,17.71,79,90,6.71,overcast clouds
160,Lubaczow,PL,50.157,23.1234,43.29,84,100,10.8,overcast clouds
161,Victoria,HK,22.2855,114.1577,76.24,55,23,1.01,few clouds
162,Ileza,RU,61.0533,43.9002,31.26,94,100,3.62,overcast clouds
163,Wajima,JP,37.4,136.9,70.48,52,0,8.05,light rain
164,Elko,US,41.0002,-115.5012,36.23,66,37,8.99,scattered clouds
165,Kralendijk,BQ,12.15,-68.2667,80.58,83,20,11.5,few clouds
166,Diego De Almagro,CL,-26.3667,-70.05,59.5,36,1,0.69,clear sky
167,Kanodar,IN,24.1,72.3833,87.08,21,100,6.22,overcast clouds
168,Lebu,CL,-37.6167,-73.65,52.03,95,68,9.28,broken clouds
169,Muyezerskiy,RU,63.9333,31.65,22.87,90,32,4.54,scattered clouds
170,Honiara,SB,-9.4333,159.95,83.12,74,54,1.36,broken clouds
171,Thompson,CA,55.7435,-97.8558,33.96,86,90,3.44,overcast clouds
172,Aban,RU,56.67,96.06,36.88,63,99,16.2,overcast clouds
173,Flinders,AU,-34.5833,150.8552,74.21,81,36,3.0,scattered clouds
174,Beloit,US,42.5084,-89.0318,54.18,75,1,1.99,clear sky
175,Uni,RU,57.7535,51.4923,34.54,85,100,13.13,snow
176,Makakilo City,US,21.3469,-158.0858,77.32,71,1,4.61,clear sky
177,Karabulak,RU,43.3036,44.8964,50.99,82,91,2.26,overcast clouds
178,Sal Rei,CV,16.1833,-22.9167,73.96,76,100,17.38,overcast clouds
179,Arraial Do Cabo,BR,-22.9661,-42.0278,68.76,78,45,5.95,scattered clouds
180,Oktyabrskoye,RU,43.0645,44.7417,48.34,93,90,2.24,overcast clouds
181,Kuvshinovo,RU,57.0295,34.1725,40.01,89,100,10.22,light rain
182,Fare,PF,-16.7,-151.0167,78.91,76,8,9.46,light rain
183,Datong,CN,40.0936,113.2914,24.21,67,13,4.63,few clouds
184,Hasaki,JP,35.7333,140.8333,70.2,56,42,15.61,scattered clouds
185,Shimoda,JP,34.6667,138.95,68.36,61,65,20.71,broken clouds
186,Zyryanka,RU,65.75,150.85,-3.39,100,98,4.61,overcast clouds
187,Fort Nelson,CA,58.8053,-122.7002,24.39,93,90,2.3,mist
188,Ilesha,NG,7.1371,5.2583,73.69,97,100,1.48,overcast clouds
189,Iqaluit,CA,63.7506,-68.5145,8.33,78,1,15.01,clear sky
190,Saint George,US,37.1041,-113.5841,66.25,29,1,3.0,clear sky
191,Kuntaur,GM,13.6667,-14.8833,76.71,38,41,5.06,scattered clouds
192,Khatanga,RU,71.9667,102.5,-1.75,99,98,7.31,overcast clouds
193,Sao Miguel,BR,-5.4667,-35.3667,79.12,83,44,9.78,scattered clouds
194,Bani Walid,LY,31.7566,13.9942,70.03,29,40,9.82,scattered clouds
195,Bulungu,CD,-4.55,18.6,74.84,86,82,1.01,broken clouds
196,Kitui,KE,-1.367,38.0106,70.29,54,86,7.81,overcast clouds
197,Phan Thiet,VN,10.9333,108.1,86.76,69,36,14.29,scattered clouds
198,Kuusamo,FI,65.9667,29.1833,10.44,92,14,2.3,few clouds
199,Nanortalik,GL,60.1432,-45.2371,30.31,64,100,3.11,overcast clouds
200,Gympie,AU,-26.1898,152.665,77.04,91,98,4.25,overcast clouds
201,Urucara,BR,-2.5364,-57.76,73.45,96,84,0.63,broken clouds
202,Liverpool,GB,53.4106,-2.9779,48.67,85,88,1.01,light rain
203,El Alto,PE,-4.2714,-81.2147,65.97,75,56,12.93,broken clouds
204,Egvekinot,RU,66.3167,-179.1667,0.77,80,51,1.61,broken clouds
205,Kamenka,RU,51.3223,42.7678,42.4,83,100,11.18,overcast clouds
206,Turukhansk,RU,65.8167,87.9833,32.7,98,100,20.38,light snow
207,Najran,SA,17.4924,44.1277,68.65,19,0,7.76,clear sky
208,Morro Bay,US,35.3658,-120.8499,61.21,53,100,7.58,overcast clouds
209,Chapais,CA,49.7834,-74.8492,40.78,98,98,5.21,overcast clouds
210,Vasai,IN,19.47,72.8,89.69,42,33,4.23,scattered clouds
211,Brody,UA,50.0879,25.1503,43.27,85,100,12.35,overcast clouds
212,Faya,SA,18.3851,42.4509,61.32,38,0,3.62,clear sky
213,Beloha,MG,-25.1667,45.05,91.33,26,33,5.41,scattered clouds
214,Ancud,CL,-41.8697,-73.8203,53.42,94,94,3.22,overcast clouds
215,Sibolga,ID,1.7427,98.7792,78.73,87,100,3.83,overcast clouds
216,Port Hedland,AU,-20.3167,118.5667,82.45,51,61,21.85,broken clouds
217,Atar,MR,20.5169,-13.0499,69.82,31,68,7.31,broken clouds
218,Nawabganj,BD,24.5911,88.271,81.34,48,51,7.9,broken clouds
219,Beringovskiy,RU,63.05,179.3167,13.66,95,55,5.39,broken clouds
220,Honningsvag,NO,70.9821,25.9704,32.2,72,99,25.79,light snow
221,Hovd,MN,48.0056,91.6419,26.89,37,0,3.18,clear sky
222,Ahuimanu,US,21.4447,-157.8378,78.51,73,40,12.66,scattered clouds
223,Grants Pass,US,42.439,-123.3284,43.48,91,40,0.0,scattered clouds
224,Ebolowa,CM,2.9,11.15,69.19,99,98,1.28,overcast clouds
225,Jalu,LY,29.0331,21.5482,66.15,54,4,5.75,clear sky
226,Mao,ES,39.8885,4.2658,55.96,94,90,13.8,overcast clouds
227,Mitsamiouli,KM,-11.3847,43.2844,88.09,51,20,12.66,few clouds
228,Sao Jose Da Coroa Grande,BR,-8.8978,-35.1478,77.07,86,13,7.85,few clouds
229,Assiniboia,CA,49.6334,-105.9845,33.71,55,0,16.11,clear sky
230,Sao Filipe,CV,14.8961,-24.4956,77.41,74,98,6.29,overcast clouds
231,Katsuura,JP,35.1333,140.3,69.84,61,65,16.82,broken clouds
232,New Norfolk,AU,-42.7826,147.0587,67.66,35,21,5.99,few clouds
233,Careiro Da Varzea,BR,-3.2003,-59.8119,81.21,92,76,1.23,light rain
234,Vestmanna,FO,62.1564,-7.1664,43.72,93,90,23.02,overcast clouds
235,La Reforma,MX,25.0833,-108.05,71.26,58,11,3.18,few clouds
236,Sebezh,RU,56.2955,28.4654,42.67,83,100,14.03,overcast clouds
237,Saint-Ambroise,CA,48.5501,-71.3324,46.22,70,100,5.75,overcast clouds
238,Marion,US,39.7684,-86.1555,47.52,81,20,5.75,few clouds
239,Maumere,ID,-8.6199,122.2111,85.66,72,64,2.06,moderate rain
240,Ucluelet,CA,48.9329,-125.5528,40.08,90,80,10.33,broken clouds
241,Lamu,KE,-2.2717,40.902,82.62,66,80,9.42,broken clouds
242,Acaponeta,MX,22.4964,-105.3594,71.82,75,18,3.4,few clouds
243,Penzance,GB,50.1186,-5.5371,54.77,95,100,6.15,overcast clouds
244,Batagay,RU,67.6333,134.6333,-15.11,86,56,6.24,broken clouds
245,Marawi,PH,7.9986,124.2928,78.66,74,39,7.29,scattered clouds
246,Campbellsville,US,37.3434,-85.3419,41.67,69,4,3.33,clear sky
247,Faanui,PF,-16.4833,-151.75,79.23,75,21,11.68,few clouds
248,Auki,SB,-8.7676,160.7034,84.65,64,18,2.95,few clouds
249,Yumen,CN,40.2833,97.2,30.97,23,12,12.19,few clouds
250,Rio Grande,BR,-32.035,-52.0986,50.95,79,2,2.89,clear sky
251,Navalmoral De La Mata,ES,39.8916,-5.5406,47.97,73,2,0.63,clear sky
252,Flin Flon,CA,54.7682,-101.865,30.78,85,87,4.9,overcast clouds
253,Road Town,VG,18.4167,-64.6167,78.01,75,21,10.58,few clouds
254,Sabha,LY,27.0377,14.4283,66.31,32,71,11.72,broken clouds
255,Armidale,AU,-30.5167,151.65,67.8,68,82,10.98,broken clouds
256,Banda Aceh,ID,5.5577,95.3222,81.19,80,90,11.92,light rain
257,Saint-Pierre,RE,-21.3393,55.4781,82.04,66,0,20.71,clear sky
258,Numan,NG,9.4667,12.0333,78.15,72,99,6.15,light rain
259,Lincoln,US,40.8,-96.667,53.65,86,0,5.23,clear sky
260,Helong,CN,42.5397,128.9972,53.67,78,100,15.52,light rain
261,Sao Joao Da Barra,BR,-21.6403,-41.0511,69.89,78,99,4.59,overcast clouds
262,Kosonsoy,UZ,41.2561,71.5508,39.76,21,100,3.65,overcast clouds
263,Arlit,NE,18.7369,7.3853,74.86,15,62,6.31,broken clouds
264,Biltine,TD,14.5333,20.9167,78.73,16,2,8.52,clear sky
265,Zhangjiakou,CN,40.81,114.8794,26.24,69,2,14.85,clear sky
266,Caravelas,BR,-17.7125,-39.2481,71.78,86,65,2.86,broken clouds
267,Salta,AR,-24.7859,-65.4117,57.79,84,20,1.99,few clouds
268,Longyearbyen,SJ,78.2186,15.6401,12.04,85,75,8.05,broken clouds
269,Veraval,IN,20.9,70.3667,86.65,40,80,11.5,broken clouds
270,Saint Anthony,US,45.0205,-93.218,51.82,90,1,0.0,clear sky
271,Bonavista,CA,48.6499,-53.1147,48.11,86,72,11.23,broken clouds
272,Clyde River,CA,70.4692,-68.5914,10.08,91,49,11.41,scattered clouds
273,Bubaque,GW,11.2833,-15.8333,82.71,76,53,12.24,light rain
274,Angoche,MZ,-16.2325,39.9086,84.18,61,6,8.19,clear sky
275,Nome,US,64.5011,-165.4064,21.27,79,90,14.97,light snow
276,Constitucion,CL,-35.3333,-72.4167,54.86,78,3,9.44,clear sky
277,Talnakh,RU,69.4865,88.3972,14.83,95,100,7.61,overcast clouds
278,Pravokumskoye,RU,44.7694,44.6472,51.39,81,82,7.29,broken clouds
279,Toyooka,JP,35.5333,134.8333,71.71,64,75,17.27,broken clouds
280,Poum,NC,-20.2333,164.0167,76.42,78,95,13.24,light rain
281,Santiago,CL,-33.4569,-70.6483,64.85,51,20,2.3,few clouds
282,Naze,JP,28.3667,129.4833,74.32,69,100,5.66,overcast clouds
283,Banyo,CM,6.75,11.8167,66.96,90,92,1.66,light rain
284,Naryshkino,RU,52.9678,35.7268,42.01,88,100,15.28,light rain
285,Hostotipaquillo,MX,21.0667,-104.0667,65.3,56,68,1.66,broken clouds
286,Kenai,US,60.5544,-151.2583,30.15,96,90,4.61,mist
287,Okhotsk,RU,59.3833,143.3,6.51,71,22,20.94,few clouds
288,Gusevskiy,RU,55.662,40.5627,40.48,83,100,11.79,light rain
289,Souris,CA,49.6172,-100.2612,30.06,42,8,13.29,clear sky
290,Nakamura,JP,32.9833,132.9333,67.1,90,100,11.52,overcast clouds
291,Sibu,MY,2.3,111.8167,89.91,62,40,1.99,scattered clouds
292,Karratha,AU,-20.7377,116.8463,77.29,52,38,21.47,scattered clouds
293,Puerto Escondido,MX,15.85,-97.0667,77.2,77,83,4.38,broken clouds
294,Morant Bay,JM,17.8815,-76.4093,80.22,84,83,3.09,broken clouds
295,San Buenaventura,MX,27.0833,-101.5333,63.48,64,19,2.48,few clouds
296,Reconquista,AR,-29.15,-59.65,65.64,69,70,5.68,broken clouds
297,Dubrovnik,HR,42.6481,18.0922,58.64,94,75,3.44,broken clouds
298,Pachora,IN,20.6667,75.35,83.71,29,89,9.4,overcast clouds
299,Lagoa,PT,39.05,-27.9833,68.0,84,40,16.75,scattered clouds
300,Beterou,BJ,9.1992,2.2586,73.99,81,78,3.53,broken clouds
301,Port Elizabeth,ZA,-33.918,25.5701,61.09,94,40,6.91,light rain
302,Huatusco,MX,19.15,-96.95,58.33,98,98,0.36,overcast clouds
303,New Cumnock,GB,55.3956,-4.1846,45.25,90,75,5.68,broken clouds
304,Mecca,SA,21.4267,39.8261,84.36,41,0,2.08,clear sky
305,Kosai,JP,34.7105,137.5316,73.17,51,47,24.74,scattered clouds
306,Gannan,CN,47.9147,123.5031,31.15,37,100,20.89,snow
307,Buchanan,LR,5.8808,-10.0467,76.96,87,23,0.96,few clouds
308,Vasto,IT,42.1243,14.7059,54.45,91,99,6.35,overcast clouds
309,Kem,RU,64.9555,34.5793,24.96,90,7,6.71,clear sky
310,Olinda,BR,-8.0089,-34.8553,80.33,78,40,6.91,scattered clouds
311,Sur,OM,22.5667,59.5289,81.55,46,1,8.61,clear sky
312,Guerrero Negro,MX,27.9769,-114.0611,64.65,84,100,7.83,overcast clouds
313,Palmas Bellas,PA,9.2319,-80.0867,80.26,88,100,5.53,overcast clouds
314,Starkville,US,33.4504,-88.8184,43.79,84,0,2.48,clear sky
315,Ostrovnoy,RU,68.0531,39.5131,19.63,96,99,11.23,light snow
316,Bay Village,US,41.4848,-81.9221,51.67,84,11,8.25,few clouds
317,Bontang,ID,0.1333,117.5,80.74,81,96,4.52,moderate rain
318,Codrington,AU,-38.2667,141.9667,58.64,60,62,11.18,broken clouds
319,Porto Murtinho,BR,-21.6989,-57.8825,73.13,75,100,4.21,overcast clouds
320,Matehuala,MX,23.65,-100.65,55.81,71,0,9.31,clear sky
321,Saldanha,ZA,-33.0117,17.9442,59.05,69,69,19.22,broken clouds
322,Sioux Lookout,CA,50.1001,-91.917,41.38,93,90,3.44,overcast clouds
323,Hambantota,LK,6.1241,81.1185,82.74,83,20,10.36,few clouds
324,Holme,DK,56.1138,10.1725,44.74,92,85,5.01,overcast clouds
325,Boo,SE,59.3333,18.2833,35.98,92,90,10.36,overcast clouds
326,Xingyi,CN,24.1877,102.817,50.72,80,99,4.0,overcast clouds
327,Kawanoe,JP,34.0167,133.5667,71.67,74,100,5.91,overcast clouds
328,Lichuan,CN,30.3,108.85,47.32,48,31,4.61,scattered clouds
329,Mnogovershinnyy,RU,53.9353,139.9242,20.79,71,72,9.24,broken clouds
330,Tefe,BR,-3.3542,-64.7114,72.12,94,53,1.81,light rain
331,Campoverde,PE,-8.4753,-74.8058,73.38,80,87,0.54,overcast clouds
332,Dzilam Gonzalez,MX,21.2833,-88.9333,67.91,74,27,4.79,scattered clouds
333,Esik,KZ,43.3552,77.4525,24.22,45,1,1.95,clear sky
334,Nanakuli,US,21.3906,-158.1547,76.98,78,40,5.75,scattered clouds
335,Pangoa,PE,-12.1167,-73.0,68.25,99,100,1.43,overcast clouds
336,Aljezur,PT,37.3191,-8.8033,45.63,56,3,7.16,clear sky
337,Caraballeda,VE,10.6112,-66.8522,78.37,75,20,0.0,few clouds
338,Anlu,CN,31.1661,112.5831,55.96,34,26,3.85,scattered clouds
339,Durazno,UY,-33.4131,-56.5006,52.07,89,11,5.12,few clouds
340,Mar Del Plata,AR,-38.0023,-57.5575,57.22,96,90,4.0,thunderstorm with rain
341,Bowen,AU,-20.0167,148.2333,88.02,75,25,11.32,scattered clouds
342,Kiama,AU,-34.6833,150.8667,72.0,81,39,9.55,scattered clouds
343,Inirida,CO,3.8653,-67.9239,72.93,99,98,2.42,overcast clouds
344,Jaitaran,IN,26.2031,73.9364,85.51,19,62,3.36,broken clouds
345,Huilong,CN,31.8111,121.655,53.04,45,9,23.0,clear sky
346,Saint-Louis,SN,16.3333,-15.0,77.11,26,41,9.51,scattered clouds
347,Vilyuysk,RU,63.7553,121.6247,25.39,92,100,8.88,overcast clouds
348,Svetlogorsk,BY,52.6333,29.7333,44.69,80,100,13.67,overcast clouds
349,Broome,US,42.2506,-75.833,40.32,69,0,1.07,clear sky
350,Asyut,EG,27.181,31.1837,62.78,36,0,3.96,clear sky
351,Taoudenni,ML,22.6783,-3.9836,64.9,22,0,14.25,clear sky
352,Saint-Francois,FR,46.4154,3.9054,40.44,93,90,0.0,fog
353,Kudahuvadhoo,MV,2.6708,72.8944,83.21,68,99,17.13,overcast clouds
354,Tezu,IN,27.9167,96.1667,82.18,29,0,3.67,clear sky
355,Kingaroy,AU,-26.5333,151.8333,80.64,65,75,8.05,broken clouds
356,Boa Vista,BR,2.8197,-60.6733,76.98,88,90,2.3,overcast clouds
357,Pisco,PE,-13.7,-76.2167,64.45,82,20,6.91,few clouds
358,Lazaro Cardenas,MX,17.9583,-102.2,76.48,90,67,3.69,broken clouds
359,Nouadhibou,MR,20.931,-17.0347,62.58,72,0,14.97,clear sky
360,Vardo,NO,70.3705,31.1107,23.2,74,99,14.94,light snow
361,Mazagao,BR,-0.115,-51.2894,80.65,96,96,3.78,overcast clouds
362,Cervo,ES,43.6702,-7.4101,52.2,89,100,0.54,overcast clouds
363,Oistins,BB,13.0667,-59.5333,80.69,74,40,13.8,scattered clouds
364,Umm Lajj,SA,25.0213,37.2685,82.78,28,0,0.63,clear sky
365,Haines Junction,CA,60.7522,-137.5108,17.06,69,20,2.44,few clouds
366,Barabash,RU,43.2,131.4833,37.08,91,100,20.89,heavy intensity rain
367,Ponnani,IN,10.767,75.9252,85.32,71,84,4.38,broken clouds
368,Chippewa Falls,US,44.9369,-91.3929,50.85,92,1,3.44,clear sky
369,Victoria Point,AU,-27.5833,153.3,84.81,81,93,3.0,overcast clouds
370,Nhamunda,BR,-2.1861,-56.7131,73.99,94,81,1.57,broken clouds
371,Hengyang,CN,26.8881,112.615,54.73,43,2,8.41,clear sky
372,Orlik,RU,52.5178,99.825,25.56,67,93,2.75,overcast clouds
373,Elizabeth City,US,36.2946,-76.2511,55.02,46,1,17.27,clear sky
374,Camacha,PT,33.0833,-16.3333,63.36,63,40,10.36,scattered clouds
375,Mackay,AU,-21.15,149.2,85.98,62,40,20.71,scattered clouds
376,Sitka,US,57.0531,-135.33,37.71,82,65,6.29,broken clouds
377,Iracoubo,GF,5.4802,-53.2011,78.21,88,100,10.42,overcast clouds
378,Namatanai,PG,-3.6667,152.4333,85.03,63,84,12.03,broken clouds
379,Vanimo,PG,-2.6741,141.3028,86.09,67,40,10.65,moderate rain
380,Aksay,RU,47.26,39.87,44.55,68,97,5.23,moderate rain
381,Tiznit,MA,29.5833,-9.5,52.63,40,0,6.4,clear sky
382,Sfantu Gheorghe,RO,45.8667,25.7833,47.46,88,65,2.8,broken clouds
383,Burgeo,CA,47.6167,-57.6152,44.53,84,15,7.47,few clouds
384,San Carlos De Bariloche,AR,-41.1456,-71.3082,49.75,71,75,6.91,broken clouds
385,Abu Dhabi,AE,24.4667,54.3667,80.71,34,0,10.36,clear sky
386,Gazanjyk,TM,39.2446,55.5154,49.08,43,0,2.28,clear sky
387,Haapiti,PF,-17.5667,-149.8667,76.73,73,42,5.5,scattered clouds
388,Houma,US,29.5958,-90.7195,51.03,95,0,3.87,clear sky
389,Tulsipur,NP,28.131,82.2973,73.62,57,13,4.29,few clouds
390,Omsukchan,RU,62.5333,155.8,5.63,100,97,3.04,overcast clouds
391,San Benito Abad,CO,8.929,-75.0271,73.24,97,100,4.68,overcast clouds
392,Tocopilla,CL,-22.092,-70.1979,62.78,71,15,3.49,few clouds
393,Dakar,SN,14.6937,-17.4441,74.28,67,75,16.22,broken clouds
394,Halifax,CA,44.6453,-63.5724,46.45,95,66,2.3,broken clouds
395,Kamennomostskiy,RU,44.2983,40.1856,55.15,70,100,3.27,overcast clouds
396,Alice Springs,AU,-23.7,133.8833,70.21,77,90,1.99,overcast clouds
397,Kahului,US,20.8947,-156.47,77.02,81,20,10.36,few clouds
398,Medicine Hat,CA,50.0501,-110.6683,33.37,58,1,8.01,clear sky
399,Illela,NG,13.7292,5.2975,76.96,14,13,7.61,few clouds
400,Dajal,PK,29.5577,70.3762,85.64,18,0,6.67,clear sky
401,Hirara,JP,24.8,125.2833,71.87,83,75,19.57,broken clouds
402,Hinton,CA,53.4001,-117.5857,33.1,68,23,4.14,few clouds
403,Erie,US,42.7667,-78.6664,47.84,87,11,6.02,few clouds
404,Worthington,US,40.0931,-83.018,46.54,75,1,0.0,clear sky
405,Loharu,IN,28.45,75.8167,84.61,18,0,6.35,clear sky
406,Bellevue,US,47.6104,-122.2007,45.25,90,100,4.0,overcast clouds
407,Portree,GB,57.4129,-6.1942,49.86,89,100,11.72,overcast clouds
408,Santa Cruz Cabralia,BR,-16.2781,-39.0247,73.63,94,75,3.44,broken clouds
409,Muros,ES,42.7762,-9.0603,54.84,85,95,9.19,overcast clouds
410,Okha,RU,53.5739,142.9478,30.29,64,96,20.45,overcast clouds
411,Leh,IN,34.1667,77.5833,26.37,48,0,2.37,clear sky
412,Fairbanks,US,64.8378,-147.7164,23.59,91,90,0.0,light snow
413,Junction City,US,39.0286,-96.8314,62.82,60,1,4.0,clear sky
414,Sergokala,RU,42.4547,47.6612,47.5,57,7,2.77,clear sky
415,Wau,SS,7.7029,27.9953,79.93,58,96,4.81,overcast clouds
416,Maniitsoq,GL,65.4167,-52.9,20.14,62,6,5.1,clear sky
417,Port Hardy,CA,50.6996,-127.4199,41.0,100,75,4.61,light rain
418,Acapulco,MX,16.8634,-99.8901,77.13,82,32,3.83,scattered clouds
419,Ust-Nera,RU,64.5667,143.2,-21.77,98,59,5.5,broken clouds
420,Klaksvik,FO,62.2266,-6.589,45.52,89,100,32.95,overcast clouds
421,Mizdah,LY,31.4451,12.9801,66.99,30,26,5.41,scattered clouds
422,Puerto Suarez,BO,-18.95,-57.8,68.94,80,91,4.07,overcast clouds
423,Kamaishi,JP,39.2667,141.8833,59.95,78,98,12.21,overcast clouds
424,Sorland,NO,67.667,12.6934,32.07,55,98,15.59,overcast clouds
425,Svetlyy,RU,54.675,20.1347,46.45,81,90,11.32,overcast clouds
426,Singaraja,ID,-8.112,115.0882,85.96,72,88,3.42,moderate rain
427,Awbari,LY,26.5921,12.7805,68.31,26,97,13.4,overcast clouds
428,President Roxas,PH,7.1544,125.0558,88.36,63,27,2.1,scattered clouds
429,Kremenchuk,UA,49.0973,33.4197,48.76,91,87,8.12,overcast clouds
430,Seydi,TM,39.4816,62.9137,47.91,15,99,1.99,overcast clouds
431,Atambua,ID,-9.1061,124.8925,82.49,72,81,2.48,broken clouds
432,Bonfim,BR,3.0833,-59.95,77.29,83,99,5.97,overcast clouds
433,Kasama,ZM,-10.2129,31.1808,79.81,24,82,5.26,broken clouds
434,Da Nang,VN,16.0678,108.2208,82.38,74,75,13.8,broken clouds
435,Tenenkou,ML,14.4572,-4.9169,84.06,20,91,9.62,overcast clouds
436,Buraydah,SA,26.326,43.975,63.05,19,0,7.94,clear sky
437,Mount Isa,AU,-20.7333,139.5,89.37,43,76,13.8,broken clouds
438,Ilfracombe,GB,51.2093,-4.1134,50.79,94,67,5.01,broken clouds
439,Sajanan,TN,37.0573,9.2426,56.32,83,22,6.04,few clouds
440,Avenal,US,36.0041,-120.129,51.55,48,100,6.02,overcast clouds
441,Kang,BW,-23.6752,22.7876,81.12,21,100,12.24,overcast clouds
442,Tallahassee,US,30.4383,-84.2807,54.63,90,1,0.0,clear sky
443,Richards Bay,ZA,-28.783,32.0377,74.39,82,100,6.38,overcast clouds
444,Praxedis Guerrero,MX,31.3667,-106.0167,67.73,30,28,4.83,scattered clouds
445,Husavik,IS,66.0449,-17.3389,31.91,90,100,13.42,light snow
446,Aktas,KZ,49.7789,72.9608,37.15,49,2,6.91,clear sky
447,Coquimbo,CL,-29.9533,-71.3436,55.13,87,0,3.44,clear sky
448,Vitim,RU,59.4511,112.5578,32.47,93,100,12.82,light snow
449,Pemangkat,ID,1.1667,108.9667,85.08,67,58,9.57,broken clouds
450,Krutinka,RU,56.0055,71.5113,36.23,71,58,21.39,broken clouds
451,Miraflores,MX,19.2167,-98.8083,56.03,82,32,2.37,scattered clouds
452,Bermejo,AR,-32.8833,-68.8,64.31,55,0,3.44,clear sky
453,Wladyslawowo,PL,54.7909,18.4009,45.95,82,95,9.55,overcast clouds
454,Margate,GB,51.3813,1.3862,43.95,92,93,10.22,overcast clouds
455,Plouzane,FR,48.3833,-4.6167,50.05,100,90,3.44,fog
456,Bengkulu,ID,-3.8004,102.2655,84.96,68,100,11.77,overcast clouds
457,Ust-Kut,RU,56.7938,105.7672,33.73,94,100,10.63,light rain
458,Jiangyou,CN,31.7667,104.7167,51.31,54,38,2.84,scattered clouds
459,Salinas,US,36.6777,-121.6555,52.97,73,74,2.86,broken clouds
460,Cayenne,GF,4.9333,-52.3333,80.1,85,20,4.0,few clouds
461,Salalah,OM,17.0151,54.0924,82.31,51,34,2.68,scattered clouds
462,Kysyl-Syr,RU,63.8986,122.7617,24.13,95,100,7.96,light snow
463,Cabedelo,BR,-6.9811,-34.8339,77.67,82,38,8.01,scattered clouds
464,Inhambane,MZ,-23.865,35.3833,78.78,88,40,7.0,scattered clouds
465,Paharpur,PK,32.1038,70.9724,82.4,20,0,2.33,clear sky
466,Krasnoarmeyskoye,RU,52.7182,50.0322,38.88,84,84,10.09,light rain
467,Neka,IR,36.6508,53.299,53.11,71,20,2.3,few clouds
468,Ponta Pora,BR,-22.5361,-55.7256,65.1,95,70,2.82,broken clouds
469,Aitape,PG,-3.1374,142.3475,85.32,72,28,9.8,scattered clouds
470,Kirkuk,IQ,35.4681,44.3922,64.63,19,0,8.99,clear sky
471,Wanning,CN,18.8003,110.3967,71.83,87,79,14.67,broken clouds
472,Olga,RU,43.7444,135.2892,46.58,65,94,11.25,overcast clouds
473,Ugoofaaru,MV,5.6667,73.0,80.82,81,100,15.48,moderate rain
474,Klichka,RU,50.4457,117.996,26.31,34,1,4.92,clear sky
475,Manali,IN,13.1667,80.2667,78.89,94,93,17.05,heavy intensity rain
476,Pochutla,MX,15.7432,-96.4661,76.82,75,67,4.34,broken clouds
477,Bauta,CU,22.9828,-82.5464,64.29,82,40,1.14,scattered clouds
478,Mount Vernon,US,40.9126,-73.8371,51.67,64,100,1.01,overcast clouds
479,Chimore,BO,-16.9833,-65.1333,72.25,75,100,2.59,overcast clouds
480,Dashitou,CN,43.3067,128.5114,49.46,91,100,17.69,light rain
481,Bend,US,44.0582,-121.3153,36.99,67,1,3.0,clear sky
482,Berlevag,NO,70.8578,29.0864,27.82,89,99,11.23,snow
483,Rundu,NA,-17.9333,19.7667,79.47,44,91,4.0,overcast clouds
484,Yekaterinovka,RU,52.0508,44.3451,40.55,85,99,12.1,overcast clouds
485,Waihi Beach,NZ,-37.4,175.9333,72.1,86,25,8.99,scattered clouds
486,Puerto Narino,CO,-3.7703,-70.3831,71.65,99,100,1.81,overcast clouds
487,Bell Ville,AR,-32.6259,-62.6887,56.8,63,33,2.91,scattered clouds
488,Joutseno,FI,61.118,28.5076,33.78,82,100,19.19,overcast clouds
489,Kutoarjo,ID,-7.7169,109.9128,88.88,73,98,7.02,heavy intensity rain
490,Vyartsilya,RU,62.1764,30.693,30.87,75,100,12.01,overcast clouds
491,Baker City,US,44.7749,-117.8344,36.82,77,46,4.07,scattered clouds
492,Zatoka,UA,46.0725,30.4654,54.14,92,51,9.44,broken clouds
493,Ayr,GB,55.4627,-4.6339,47.32,87,90,6.91,overcast clouds
494,Cardston,CA,49.2,-113.3019,34.09,58,0,21.25,clear sky
495,Requena,ES,39.4883,-1.1004,44.71,82,41,3.65,scattered clouds
496,Roald,NO,62.5833,6.1333,37.33,86,0,4.61,clear sky
497,Soma,TR,39.1855,27.6094,62.62,57,60,2.35,broken clouds
498,Rodrigues Alves,BR,-7.738,-72.6509,72.23,97,96,2.57,overcast clouds
499,Araouane,ML,18.9048,-3.5265,73.96,25,20,10.65,few clouds
500,Oktyabrskiy,RU,54.4815,53.471,35.4,84,62,8.03,broken clouds
501,Ambulu,ID,-8.345,113.6058,86.83,66,100,8.72,overcast clouds
502,Turan,VN,16.0678,108.2208,82.38,74,75,13.8,broken clouds
503,Thinadhoo,MV,0.5333,72.9333,83.37,66,95,16.24,overcast clouds
504,Solnechnyy,RU,50.7214,136.6319,26.28,54,86,3.53,overcast clouds
505,Tura,IN,25.5198,90.2201,79.27,45,72,1.07,broken clouds
506,Piacabucu,BR,-10.4056,-36.4344,75.0,93,20,7.23,few clouds
507,Gat,IL,31.61,34.7642,78.4,24,1,3.02,clear sky
508,Talmenka,RU,53.8183,83.5677,35.04,64,99,13.62,overcast clouds
509,Alofi,NU,-19.0595,-169.9187,76.89,83,90,10.36,overcast clouds
510,Jiwani,PK,25.05,61.7417,79.43,39,0,3.76,clear sky
511,Puerto Leguizamo,CO,-0.1934,-74.7819,71.49,98,100,1.05,overcast clouds
512,Blind River,CA,46.1834,-82.9582,50.25,88,97,5.17,overcast clouds
513,Kokoda,PG,-8.8785,147.7407,86.54,59,45,5.75,scattered clouds
514,Chake Chake,TZ,-5.2459,39.7666,82.58,64,93,3.04,overcast clouds
515,Luganville,VU,-15.5333,167.1667,80.51,82,40,6.6,scattered clouds
516,Palembang,ID,-2.9167,104.7458,89.69,62,40,2.3,scattered clouds
517,Martaban,MM,16.5314,97.6111,86.94,67,80,11.79,broken clouds
518,Turka,UA,49.1541,23.0297,39.25,91,100,2.57,overcast clouds
519,Les Cayes,HT,18.2,-73.75,75.88,80,76,4.14,broken clouds
520,Birjand,IR,32.8663,59.2211,45.07,70,90,0.0,overcast clouds
521,Constantine,DZ,36.365,6.6147,49.41,76,75,8.05,broken clouds
522,Zadar,HR,44.1197,15.2422,60.66,100,75,5.75,broken clouds
523,Porto Novo,BJ,6.4965,2.6036,76.82,88,100,3.44,overcast clouds
524,Bakurianis Andeziti,GE,41.7337,43.4724,46.8,67,54,1.66,broken clouds
525,Tuensang,IN,26.2833,94.8333,78.33,35,3,3.56,clear sky
526,Ormara,PK,25.2088,64.6357,82.54,38,0,4.94,clear sky
527,Jena,DE,50.9333,11.5833,45.91,77,60,3.0,broken clouds
528,Dalbandin,PK,28.8947,64.4101,71.55,21,0,6.24,clear sky
529,Douglas,US,41.3,-96.167,53.78,81,90,0.0,mist
530,Munster,DE,51.9624,7.6257,44.44,98,0,5.75,clear sky
531,Naples,IT,40.8333,14.25,63.28,82,75,5.75,light intensity drizzle
532,Kokopo,PG,-4.352,152.2633,83.77,68,60,1.12,broken clouds
533,Pierre,US,44.3683,-100.351,50.05,74,47,1.99,scattered clouds
534,Araguari,BR,-18.6472,-48.1872,70.09,89,37,2.39,scattered clouds
535,Tibagi,BR,-24.5094,-50.4136,61.2,98,48,2.51,scattered clouds
536,Garmsar,IR,35.2182,52.3409,53.62,64,26,3.2,scattered clouds
537,Granadilla De Abona,ES,28.1188,-16.576,61.38,58,20,17.27,few clouds
538,Tilichiki,RU,60.4667,166.1,28.72,99,100,8.01,snow
539,Kotelnich,RU,58.3089,48.348,33.8,97,100,10.13,snow
540,Mamallapuram,IN,12.6264,80.1722,78.85,76,100,17.92,moderate rain
541,Ust-Tsilma,RU,65.441,52.1498,22.19,90,36,3.62,scattered clouds
542,Tutoia,BR,-2.7619,-42.2744,74.41,88,100,4.79,overcast clouds
543,Eyl,SO,7.9803,49.8164,82.45,53,31,12.37,scattered clouds
544,Uruzgan,AF,32.8333,66.0,59.25,33,2,2.71,clear sky
545,Brownsville,US,25.9018,-97.4975,68.11,88,5,6.46,clear sky
546,Guaruja,BR,-23.9931,-46.2564,72.91,26,3,2.73,clear sky
547,Narsaq,GL,60.9167,-46.05,22.35,84,100,3.22,overcast clouds
548,Baihar,IN,22.1,80.55,81.34,24,54,6.93,broken clouds
549,Khasan,RU,42.4308,130.6434,57.99,91,100,34.56,overcast clouds
550,High Level,CA,58.5169,-117.136,24.91,100,90,4.61,light snow
551,Tsiroanomandidy,MG,-18.7667,46.0333,81.95,46,74,2.84,broken clouds
552,Aberdeen,GB,57.1437,-2.0981,45.5,81,85,4.61,overcast clouds
553,Barcelos,PT,41.5388,-8.6151,53.85,59,92,4.68,overcast clouds
554,Cocorna,CO,6.0573,-75.1852,68.56,97,99,3.22,moderate rain
555,Greytown,ZA,-29.0642,30.5928,67.8,72,100,6.55,overcast clouds
556,Namibe,AO,-15.1961,12.1522,69.22,75,69,6.26,broken clouds
557,Ust-Kuyga,RU,70.0167,135.6,-11.92,87,78,9.93,broken clouds
558,Vila Do Maio,CV,15.1333,-23.2167,75.99,77,100,15.82,overcast clouds
559,Goderich,CA,43.7501,-81.7165,46.9,87,59,5.75,broken clouds
560,Uruana,BR,-15.4981,-49.6875,70.27,91,88,2.62,overcast clouds
561,Cuervos,MX,32.6314,-114.8556,71.04,57,20,7.07,few clouds
562,Nemuro,JP,43.3236,145.575,48.63,80,74,11.7,broken clouds
563,Porto Santo,PT,33.072,-16.3415,66.11,63,40,10.36,scattered clouds
564,Paita,PE,-5.0892,-81.1144,63.7,84,19,9.89,few clouds
565,Ulladulla,AU,-35.35,150.4667,69.76,92,89,10.16,light rain
566,Martapura,ID,-3.4167,114.85,86.09,74,40,5.75,scattered clouds
567,Lasa,IT,46.6166,10.7002,40.08,84,64,6.08,broken clouds
568,Ambilobe,MG,-13.2,49.05,92.48,39,18,4.88,few clouds
569,Dingle,PH,10.9995,122.6711,86.14,75,39,11.56,scattered clouds
570,Booue,GA,-0.0921,11.9385,72.95,98,100,0.6,overcast clouds
571,Burnie,AU,-41.0667,145.9167,62.74,48,6,10.63,clear sky
572,Khlevnoye,RU,52.1951,39.0932,44.62,78,95,14.38,overcast clouds
573,Canico,PT,32.6333,-16.85,66.83,69,40,10.36,scattered clouds
574,Belaya Gora,RU,68.5333,146.4167,-12.87,98,98,1.16,overcast clouds
575,Seddon,AU,-37.8068,144.8916,65.37,46,0,12.66,clear sky
576,Laguna De Duero,ES,41.5815,-4.7233,44.94,89,90,5.75,fog
577,Kununurra,AU,-15.7667,128.7333,91.38,55,40,18.41,light rain
578,Grand Gaube,MU,-20.0064,57.6608,82.38,67,30,7.0,scattered clouds
579,Nova Olimpia,BR,-14.7972,-57.2881,69.1,88,76,3.56,broken clouds
580,Maarianhamina,AX,60.0973,19.9348,37.26,65,75,10.36,broken clouds
581,Ihosy,MG,-22.4,46.1167,81.99,43,37,4.45,scattered clouds
582,Gerash,IR,27.6652,54.1371,59.14,43,0,2.98,clear sky
583,Peniche,PT,39.3558,-9.3811,57.61,80,75,9.98,broken clouds
584,Aparecida,BR,-22.8469,-45.2297,69.1,91,99,1.92,overcast clouds
585,Xining,CN,36.6167,101.7667,31.5,34,92,3.13,overcast clouds
586,Tamiahua,MX,21.2667,-97.45,72.79,77,76,4.07,broken clouds
587,Manokwari,ID,-0.8667,134.0833,85.06,67,47,9.73,scattered clouds
588,Brigantine,US,39.4101,-74.3646,47.01,78,100,16.04,overcast clouds
589,Bartica,GY,6.4,-58.6167,73.72,99,100,1.07,overcast clouds
590,Wanxian,CN,30.8039,108.3897,56.71,48,43,2.13,scattered clouds
591,San Rafael,AR,-34.6177,-68.3301,63.07,39,10,1.86,clear sky
592,Padang,ID,-0.9492,100.3543,77.05,69,82,8.3,light rain
593,Plettenberg Bay,ZA,-34.0527,23.3716,58.64,90,100,6.38,light rain
594,Usogorsk,RU,63.4106,48.6872,25.29,94,78,3.2,broken clouds
595,San Cristobal,VE,7.7669,-72.225,69.98,88,99,1.32,overcast clouds
596,Urumqi,CN,43.801,87.6005,23.95,59,0,6.71,clear sky
597,Ampanihy,MG,-24.7,44.75,93.49,23,24,5.1,few clouds
598,Vao,NC,-22.6667,167.4833,72.93,63,20,8.25,few clouds
599,Juan Lacaze,UY,-34.4342,-57.4381,54.12,75,4,7.05,clear sky
600,Jimeta,NG,9.2833,12.4667,80.6,62,90,3.96,overcast clouds
601,Neepawa,CA,50.2289,-99.4664,35.82,41,0,14.12,clear sky
602,Puerto Ayacucho,VE,5.6639,-67.6236,75.2,90,99,2.93,overcast clouds
603,Russell,US,32.3502,-85.1999,47.43,87,1,3.44,haze
604,Anito,PH,12.4497,125.2886,83.28,85,84,7.07,broken clouds
605,Rudnyy,KZ,52.9594,63.1206,37.63,64,77,12.97,broken clouds
606,Kaposvar,HU,46.3667,17.8,46.98,90,100,6.31,light rain
607,Chipinge,ZW,-20.1883,32.6236,85.32,22,0,2.86,clear sky
608,Cedar City,US,37.6775,-113.0619,53.19,45,15,5.64,few clouds
609,Binika,IN,21.0333,83.8,80.76,40,18,4.47,few clouds
610,Mishan,CN,45.55,131.8833,32.74,73,100,12.33,snow
611,Matay,EG,28.419,30.7792,70.74,53,0,6.93,clear sky
612,Liuzhou,CN,24.3126,109.3892,52.25,55,92,12.59,overcast clouds
613,Sechura,PE,-5.5569,-80.8222,64.33,80,36,8.81,scattered clouds
614,Khash,IR,28.2211,61.2158,63.99,23,0,1.72,clear sky
615,Aswan,EG,24.0934,32.907,72.7,30,0,8.05,clear sky
616,Khandyga,RU,62.6667,135.6,-0.83,96,100,4.85,overcast clouds
617,Te Anau,NZ,-45.4167,167.7167,64.49,59,91,3.98,overcast clouds
618,Colac,AU,-38.3333,143.5833,60.01,43,19,3.56,few clouds
619,Lardos,GR,36.0942,28.0157,67.95,55,54,1.48,broken clouds
620,Arequipa,PE,-16.3989,-71.535,54.77,49,87,0.81,overcast clouds
621,Tautira,PF,-17.7333,-149.15,77.02,77,26,7.4,scattered clouds
622,Mandali,IQ,33.7499,45.5541,73.74,18,0,6.67,clear sky
623,Emerald,AU,-23.5333,148.1667,81.34,78,90,4.61,overcast clouds
624,Verkhnevilyuysk,RU,63.4453,120.3167,26.87,90,100,7.92,overcast clouds
625,Doha,QA,25.2867,51.5333,84.18,54,0,9.22,clear sky
626,Raduzhnyy,RU,62.0961,77.475,32.52,98,100,11.05,light snow
627,San Juan De Uraba,CO,8.7592,-76.5297,74.97,94,100,9.6,overcast clouds
628,Molochnoye,RU,59.2917,39.6787,37.18,99,100,4.25,moderate rain
629,Kyzyl-Suu,KG,42.3414,78.0056,33.17,69,4,1.97,clear sky
630,Cartagena Del Chaira,CO,1.3349,-74.8429,71.74,99,99,1.59,overcast clouds
631,Gbarnga,LR,6.9956,-9.4722,70.36,99,52,1.36,broken clouds
632,Anadyr,RU,64.75,177.4833,23.5,93,40,13.42,mist
633,Kalmunai,LK,7.4167,81.8167,83.53,68,99,4.27,overcast clouds
634,Oranjemund,NA,-28.55,16.4333,61.38,71,26,8.75,scattered clouds
635,Manacapuru,BR,-3.2997,-60.6206,77.58,88,86,1.54,overcast clouds
636,Valley City,US,46.9233,-98.0032,43.32,81,1,16.11,clear sky
637,Tinaquillo,VE,9.9186,-68.3047,70.92,89,90,3.11,overcast clouds
638,San Bernardo,CL,-33.6,-70.7167,64.74,53,0,2.33,clear sky
639,Bemidji,US,47.4736,-94.8803,44.91,90,1,8.05,clear sky
640,Yuanping,CN,38.7153,112.7575,30.22,62,1,8.86,clear sky
641,Jijiga,ET,9.35,42.8,70.3,25,4,4.52,clear sky
642,Leningradskiy,RU,69.3833,178.4167,11.53,82,80,9.66,broken clouds
643,Tecoanapa,MX,16.5167,-98.75,75.4,86,52,5.26,broken clouds
644,Nuuk,GL,64.1835,-51.7216,10.42,74,0,5.48,clear sky
645,Kismayo,SO,-0.3582,42.5454,81.63,67,100,8.95,overcast clouds
646,Bondoukou,CI,8.0333,-2.8,70.18,93,32,3.98,scattered clouds
647,Eureka,US,40.8021,-124.1637,44.67,73,43,5.68,scattered clouds
648,Cockburn Town,TC,21.4612,-71.1419,81.32,72,61,2.89,broken clouds
649,Gurupa,BR,-1.405,-51.64,74.62,93,98,3.47,overcast clouds
650,Tiarei,PF,-17.5333,-149.3333,77.02,76,19,6.29,few clouds
651,Olafsvik,IS,64.8945,-23.7142,39.43,93,100,24.36,light rain
652,San Jeronimo,PE,-11.9472,-75.2829,49.82,84,100,4.97,overcast clouds
653,Linkou,CN,45.3,130.2833,32.23,95,100,12.1,snow
654,Hobyo,SO,5.3505,48.5268,82.33,59,56,12.73,broken clouds
655,Baleno,PH,12.4739,123.4982,86.14,72,70,10.4,broken clouds
656,Pitkyaranta,RU,61.5734,31.4792,32.74,72,100,18.37,overcast clouds
657,Ahipara,NZ,-35.1667,173.1667,63.3,87,51,4.32,broken clouds
658,Teguldet,RU,57.3064,88.1667,32.04,68,100,14.94,overcast clouds
659,Urusha,RU,54.05,122.9,21.02,51,1,2.98,clear sky
660,North Bend,US,43.4065,-124.2243,47.86,96,20,8.05,few clouds
661,Moron,AR,-34.6534,-58.6198,64.15,85,0,3.74,clear sky
662,Isakly,RU,54.1333,51.5333,36.81,80,82,8.28,broken clouds
663,Hami,CN,42.8,93.45,34.61,27,1,5.14,clear sky
664,Bac Lieu,VN,9.285,105.7244,85.28,74,97,17.29,overcast clouds
665,Wattegama,LK,6.7989,81.4808,81.52,63,100,3.09,overcast clouds
666,Svetlaya,RU,46.5389,138.3297,40.24,44,99,2.17,overcast clouds
667,Ismailia,EG,30.6043,32.2723,64.47,82,0,0.0,fog
668,Port Lincoln,AU,-34.7333,135.8667,61.65,53,94,9.64,overcast clouds
669,Trnava,SK,48.3774,17.5872,44.74,76,100,5.08,overcast clouds
670,Touros,BR,-5.1989,-35.4608,77.9,79,65,10.22,broken clouds
671,Kincardine,GB,56.0667,-3.7167,47.39,93,86,3.78,overcast clouds
672,Balkanabat,TM,39.5108,54.3671,50.23,43,0,1.72,clear sky
673,Tigil,RU,57.8,158.6667,18.55,93,56,6.4,broken clouds
674,Ornskoldsvik,SE,63.2909,18.7153,27.55,86,75,9.22,broken clouds
675,Kargasok,RU,59.0556,80.8572,30.78,73,96,16.75,overcast clouds
676,Bulgan,MN,48.8125,103.5347,29.37,47,45,3.6,scattered clouds
677,Puri,IN,19.8,85.85,82.92,47,40,9.89,scattered clouds
678,Fereydun Kenar,IR,36.6864,52.5225,53.91,67,0,1.72,clear sky
679,Chama,CH,47.1821,8.4636,44.06,92,90,2.3,overcast clouds
680,Jefferson City,US,38.5767,-92.1735,57.36,47,1,4.61,clear sky
681,Coihaique,CL,-45.5752,-72.0662,40.95,87,0,2.3,clear sky
682,Cairns,AU,-16.9167,145.7667,94.06,69,75,8.05,broken clouds
683,Hakkari,TR,37.5833,44.1667,45.52,19,0,3.53,clear sky
684,Hervey Bay,AU,-25.2986,152.8535,80.04,89,94,17.31,light rain
685,Petropavlovsk-Kamchatskiy,RU,53.0452,158.6483,32.59,60,75,4.47,broken clouds
686,Teya,RU,60.3778,92.6267,31.24,86,100,14.65,overcast clouds
687,Banjar,ID,-8.19,114.9675,85.91,72,89,2.8,moderate rain
688,Pevek,RU,69.7008,170.3133,14.79,77,85,20.31,overcast clouds
689,Pafos,CY,34.7667,32.4167,65.98,24,0,10.36,clear sky
690,Monrovia,LR,6.3005,-10.7969,76.77,85,68,1.3,broken clouds
691,Raga,SS,8.4596,25.678,80.67,57,22,3.8,few clouds
692,Szubin,PL,53.0097,17.74,45.41,93,90,13.8,overcast clouds
693,Grand-Santi,GF,4.25,-54.3833,71.67,100,98,1.9,overcast clouds
694,La Ronge,CA,55.1001,-105.2842,28.65,86,1,2.3,clear sky
695,Acarau,BR,-2.8856,-40.12,77.67,86,91,7.11,overcast clouds
696,Ankpa,NG,7.3706,7.6253,73.0,93,91,3.06,overcast clouds
697,Nouakchott,MR,18.0858,-15.9785,67.93,61,98,11.01,overcast clouds
698,Tavricheskoye,RU,54.5851,73.6395,39.11,44,81,19.13,broken clouds
699,Fraserburgh,GB,57.6874,-2.0184,45.12,72,99,5.75,overcast clouds
700,Auburn Hills,US,42.6875,-83.2341,50.56,91,1,0.0,clear sky
701,Christchurch,NZ,-43.5333,172.6333,62.47,77,90,5.01,overcast clouds
702,Havoysund,NO,70.9963,24.6622,31.08,69,100,21.3,light snow
703,Kaduy,RU,59.2,37.15,35.64,99,100,1.74,overcast clouds
